{"id":5237020,"items":[{"id":5237021,"status":2,"title":"main 1","order":0,"templateKey":null,"pageLinks":[]},{"id":5237022,"status":2,"title":"Blog Template","order":0,"templateKey":"blog","pageLinks":[]},{"id":5237023,"status":2,"title":"404 Not Found Template","order":0,"templateKey":"404","pageLinks":[]},{"id":5237024,"status":2,"title":"Product Details Template","order":0,"templateKey":"product","pageLinks":[]},{"id":5237025,"status":2,"title":"Product List Template","order":0,"templateKey":"products","pageLinks":[]},{"id":5237026,"status":2,"title":"Login Template","order":0,"templateKey":"login","pageLinks":[]},{"id":5237027,"status":2,"title":"Password Template","order":0,"templateKey":"password","pageLinks":[]},{"id":5237028,"status":2,"title":"Shopping Cart Template","order":0,"templateKey":"cart","pageLinks":[]},{"id":5237029,"status":2,"title":"Post Template","order":0,"templateKey":"post","pageLinks":[]},{"id":5237055,"status":2,"title":"Home 1","order":0,"templateKey":null,"pageLinks":[]}],"metaTags":null,"order":"0","headHtml":null,"customCss":null,"headerHtml":"<section class=\"u-clearfix u-header u-block-ee4d-1\" custom-posts-hash=\"T\" data-style=\"header-logo-menu-oneline\" data-post-id=\"2780764366\" data-section-properties=\"{&quot;grid-spacing&quot;:&quot;0&quot;,&quot;align&quot;:&quot;left&quot;,&quot;stretch&quot;:true}\" data-id=\"ee4d\" color-allocation=\"{&quot;name&quot;:&quot;header-section-light&quot;,&quot;section&quot;:&quot;white&quot;,&quot;cell-filled&quot;:&quot;white, grey-light-2&quot;,&quot;button&quot;:&quot;grey-light-2&quot;,&quot;button-border&quot;:&quot;grey-dark-1&quot;,&quot;menu-text&quot;:&quot;grey-dark-1&quot;,&quot;menu-link&quot;:&quot;grey-dark-2&quot;,&quot;line&quot;:&quot;grey-dark-1&quot;,&quot;image-border&quot;:&quot;white&quot;,&quot;rectangle&quot;:&quot;grey-light-1&quot;,&quot;group-filled&quot;:&quot;white&quot;,&quot;border&quot;:&quot;grey&quot;,&quot;link&quot;:&quot;grey-dark-3&quot;,&quot;metadata&quot;:&quot;grey-dark-1&quot;,&quot;cell-border-filled&quot;:&quot;grey&quot;,&quot;coloring-tags&quot;:&quot;text-image, box-image, grid-section, board-sheet, grid-sheet, rectangle-border&quot;,&quot;type&quot;:&quot;colored&quot;,&quot;form-input-border&quot;:&quot;grey&quot;}\" id=\"sec-ce47\">\n  <div class=\"u-align-left u-clearfix u-sheet u-block-ee4d-2\">\n    \n    \n  <h3 class=\"u-align-left-xs u-headline u-text u-block-ee4d-3\"><a href=\"/\">MySite</a></h3><nav class=\"u-menu u-menu-hamburger u-offcanvas u-block-ee4d-4\" data-responsive-from=\"XL\">\n      <div class=\"menu-collapse\">\n        <a class=\"u-button-style u-nav-link u-text-body-color\" href=\"#\" style=\"padding: 8px 0px;\">\n          <svg class=\"u-svg-link\" preserveAspectRatio=\"xMidYMin slice\" viewBox=\"0 0 302 302\" style=\"undefined\">\n            <use xlink:href=\"#svg-a760\"></use>\n          </svg>\n          <svg xmlns=\"http://www.w3.org/2000/svg\" xmlns:xlink=\"http://www.w3.org/1999/xlink\" version=\"1.1\" id=\"svg-a760\" x=\"0px\" y=\"0px\" viewBox=\"0 0 302 302\" style=\"enable-background:new 0 0 302 302;\" xml:space=\"preserve\" class=\"u-svg-content\">\n            <g>\n              <rect y=\"36\" width=\"302\" height=\"30\"></rect>\n              <rect y=\"236\" width=\"302\" height=\"30\"></rect>\n              <rect y=\"136\" width=\"302\" height=\"30\"></rect>\n            </g>\n            <g></g>\n            <g></g>\n            <g></g>\n            <g></g>\n            <g></g>\n            <g></g>\n            <g></g>\n            <g></g>\n            <g></g>\n            <g></g>\n            <g></g>\n            <g></g>\n            <g></g>\n            <g></g>\n            <g></g>\n          </svg>\n        </a>\n      </div>\n      <div class=\"u-nav-container\">\n        <ul class=\"u-nav u-spacing-25 u-unstyled u-block-ee4d-5\">\n        \n        \n      <li class=\"u-nav-item\">\n          <a class=\"u-btn-text u-nav-link u-text-black\" href=\"/main-1.html\" data-page-id=\"5237021\">main 1</a>\n        <div class=\"fake u-nav-popup u-block-ee4d-11\">               <ul class=\"u-nav u-unstyled u-block-ee4d-6\"><li class=\"u-nav-item\"><a class=\"u-nav-link\">Menu Item 1</a></li><li class=\"u-nav-item\"><a class=\"u-nav-link\">Menu Item 2</a></li><li class=\"u-nav-item\"><a class=\"u-nav-link\">Menu Item 3</a></li>               </ul>           </div></li><li class=\"u-nav-item\">\n          <a class=\"u-btn-text u-nav-link u-text-black\" href=\"/Home-1.html\" data-page-id=\"5237055\">Home 1</a>\n        </li></ul>\n      </div>\n      <div class=\"u-nav-container-collapse\">\n        <div class=\"u-black u-container-style u-inner-container-layout u-opacity u-opacity-95 u-sidenav u-block-ee4d-7\"><div class=\"u-inner-container-layout u-sidenav-overflow\">\n          <div class=\"u-menu-close u-block-ee4d-8\"></div>\n          <ul class=\"u-align-center u-nav u-popupmenu-items u-unstyled u-block-ee4d-9\">\n        \n        \n      <li class=\"u-nav-item\">\n          <a class=\"u-btn-text u-nav-link u-text-black\" href=\"/main-1.html\" data-page-id=\"5237021\">main 1</a>\n        <div class=\"fake u-nav-popup u-block-ee4d-12\">               <ul class=\"u-nav u-unstyled u-block-ee4d-10\"><li class=\"u-nav-item\"><a class=\"u-nav-link\">Menu Item 1</a></li><li class=\"u-nav-item\"><a class=\"u-nav-link\">Menu Item 2</a></li><li class=\"u-nav-item\"><a class=\"u-nav-link\">Menu Item 3</a></li>               </ul>           </div></li><li class=\"u-nav-item\">\n          <a class=\"u-btn-text u-nav-link u-text-black\" href=\"/Home-1.html\" data-page-id=\"5237055\">Home 1</a>\n        </li></ul>\n        </div></div>\n        <div class=\"u-black u-menu-overlay u-opacity u-opacity-70\"></div>\n      </div>\n    </nav></div>\n  <style data-mode=\"XL\" data-visited=\"true\">@media (min-width: 1200px){ .u-block-ee4d-2 {min-height: 74px}\n.u-block-ee4d-3 {margin-top: 25px; margin-right: 839.438px; margin-bottom: 0px; margin-left: 0px}\n.u-block-ee4d-4 {margin-top: -32px; margin-right: 0px; margin-bottom: 5px; margin-left: auto}\n.u-block-ee4d-9 {font-size: 1.25rem} }</style>\n  <style data-mode=\"LG\" data-visited=\"true\">@media (max-width: 1199px) and (min-width: 992px){ .u-block-ee4d-2 {min-height: 74px}\n.u-block-ee4d-3 {width: auto; margin-top: 23.5px; margin-right: 637.141px; margin-bottom: 0px; margin-left: 0px}\n.u-block-ee4d-4 {width: auto; margin-top: -32px; margin-right: 0px; margin-bottom: 18.5px; margin-left: auto}\n.u-block-ee4d-9 {font-size: 1.25rem} }</style>\n  <style data-mode=\"MD\" data-visited=\"true\">@media (max-width: 991px) and (min-width: 768px){ .u-block-ee4d-2 {min-height: 74px}\n.u-block-ee4d-3 {width: auto; margin-top: 25.5px; margin-right: 418.141px; margin-bottom: 0px; margin-left: 0px}\n.u-block-ee4d-4 {width: auto; margin-top: -32px; margin-right: 0px; margin-bottom: 16.5px; margin-left: auto}\n.u-block-ee4d-9 {font-size: 1.25rem} }</style>\n  <style data-mode=\"SM\" data-visited=\"true\">@media (max-width: 767px) and (min-width: 576px){ .u-block-ee4d-2 {min-height: 74px}\n.u-block-ee4d-3 {margin-top: 25.5px; margin-right: 270px; margin-bottom: 0px; margin-left: 0px; width: NaNpx}\n.u-block-ee4d-4 {width: 24px; margin-top: -32px; margin-right: 0px; margin-bottom: 16.5px; margin-left: auto}\n.u-block-ee4d-9 {font-size: 1.25rem} }</style>\n  <style data-mode=\"XS\" data-visited=\"true\">@media (max-width: 575px){ .u-block-ee4d-2 {min-height: 80px}\n.u-block-ee4d-3 {width: auto; margin-top: 26px; margin-right: 91px; margin-bottom: 0px; margin-left: 0px}\n.u-block-ee4d-4 {width: auto; margin-top: -32px; margin-right: 0px; margin-bottom: 22px; margin-left: auto}\n.u-block-ee4d-9 {font-size: 1.25rem} }</style>\n</section>","footerHtml":"<section class=\"u-black u-clearfix u-footer u-block-cae8-1\" custom-posts-hash=\"[[T,T,T,T],[]]\" data-style=\"footer-image-4-cols-3\" data-post-id=\"1754283788;3693220393;3693220393;3693220393\" data-section-properties=\"{&quot;grid-spacing&quot;:&quot;30&quot;,&quot;align&quot;:&quot;&quot;,&quot;stretch&quot;:true}\" data-id=\"cae8\" color-allocation=\"{&quot;name&quot;:&quot;footer-section-1&quot;,&quot;section&quot;:&quot;grey-dark-2&quot;,&quot;cell-filled&quot;:&quot;grey-dark-3&quot;,&quot;button&quot;:&quot;white&quot;,&quot;button-border&quot;:&quot;white&quot;,&quot;menu-text&quot;:&quot;white&quot;,&quot;menu-link&quot;:&quot;white&quot;,&quot;line&quot;:&quot;white&quot;,&quot;image-border&quot;:&quot;grey-dark-3&quot;,&quot;rectangle&quot;:&quot;grey-dark-1&quot;,&quot;group-filled&quot;:&quot;grey-dark-1&quot;,&quot;border&quot;:&quot;white&quot;,&quot;cell-border-filled&quot;:&quot;white&quot;,&quot;link&quot;:&quot;grey-light-1&quot;,&quot;metadata&quot;:&quot;&quot;,&quot;coloring-tags&quot;:&quot;box-image, grid-section, board-sheet, grid-sheet, rectangle-border&quot;,&quot;type&quot;:&quot;dark&quot;,&quot;form-input-border&quot;:&quot;grey&quot;}\" id=\"sec-d375\">\n  <div class=\"u-clearfix u-sheet u-block-cae8-2\" data-height-md=\"273\" data-height-sm=\"364\">\n    <a href=\"#\" class=\"u-image u-logo u-block-cae8-3\" src=\"\" data-brightness=\"\" data-image-width=\"80\" data-image-height=\"40\">\n      <img src=\"np://user.desktop.nicepage.com/Site_5237020/images/default-logo.png\" class=\"u-logo-image u-block-cae8-4\">\n    </a>\n    <div class=\"u-align-left u-border-1 u-border-white u-expanded-width u-line u-line-horizontal u-opacity u-opacity-30 u-block-cae8-5\"></div>\n    <div class=\"u-clearfix u-expanded-width-lg u-expanded-width-md u-expanded-width-xl u-expanded-width-xs u-gutter-30 u-layout-wrap u-block-cae8-6\">\n      <div class=\"u-gutter-0 u-layout\">\n        <div class=\"u-layout-row\">\n          <div class=\"u-align-left-lg u-align-left-md u-align-left-sm u-align-left-xl u-container-style u-layout-cell u-left-cell u-size-15 u-size-30-md u-block-cae8-7\">\n            <div class=\"u-container-layout u-block-cae8-8\">\n              <p class=\"u-small-text u-text u-text-variant u-block-cae8-9\">Sample footer text</p>\n            </div>\n          </div>\n          <div class=\"u-align-left-md u-align-left-xl u-container-style u-layout-cell u-size-15 u-size-30-md u-block-cae8-10\">\n            <div class=\"u-container-layout u-block-cae8-11\">\n              <p class=\"u-small-text u-text u-text-variant u-block-cae8-12\">Sample footer text</p>\n            </div>\n          </div>\n          <div class=\"u-align-left u-container-style u-layout-cell u-size-15 u-size-30-md u-block-cae8-13\">\n            <div class=\"u-container-layout u-block-cae8-14\">\n              <p class=\"u-small-text u-text u-text-variant u-block-cae8-15\">Sample footer text</p>\n            </div>\n          </div>\n          <div class=\"u-align-left u-container-style u-layout-cell u-right-cell u-size-15 u-size-30-md u-block-cae8-16\">\n            <div class=\"u-container-layout u-block-cae8-17\">\n              <p class=\"u-small-text u-text u-text-variant u-block-cae8-18\">Sample footer text</p>\n            </div>\n          </div>\n        </div>\n      </div>\n    </div>\n  </div>\n  <style data-mode=\"XL\" data-visited=\"true\">@media (min-width: 1200px){ .u-block-cae8-2 {min-height: 273px}\n.u-block-cae8-3 {width: 80px; height: 40px; margin-top: 60px; margin-left: auto; margin-right: auto; margin-bottom: 0px}\n.u-block-cae8-4 {width: 100%; height: 100%}\n.u-block-cae8-5 {transform-origin: left center 0px; height: 1px; width: 1140px; margin-top: 30px; margin-right: auto; margin-bottom: 0px; margin-left: 0px}\n.u-block-cae8-6 {margin-top: 40px; margin-right: auto; margin-bottom: 25px; margin-left: 0px}\n.u-block-cae8-7 {min-height: 91px; background-image: none}\n.u-block-cae8-8 {padding-left: 30px; padding-right: 30px}\n.u-block-cae8-9 {margin-top: 19.5px; margin-bottom: 19.5px; margin-left: 0px; margin-right: 0px}\n.u-block-cae8-10 {min-height: 91px; background-image: none}\n.u-block-cae8-11 {padding-left: 30px; padding-right: 30px}\n.u-block-cae8-12 {margin-top: 19.5px; margin-bottom: 19.5px; margin-left: 0px; margin-right: 0px}\n.u-block-cae8-13 {min-height: 91px; background-image: none}\n.u-block-cae8-14 {padding-left: 30px; padding-right: 30px}\n.u-block-cae8-15 {margin-top: 19.5px; margin-bottom: 19.5px; margin-left: 0px; margin-right: 0px}\n.u-block-cae8-16 {min-height: 91px; background-image: none}\n.u-block-cae8-17 {padding-left: 30px; padding-right: 30px}\n.u-block-cae8-18 {margin-top: 19.5px; margin-bottom: 19.5px; margin-left: 0px; margin-right: 0px} }</style>\n  <style data-mode=\"LG\" data-visited=\"true\">@media (max-width: 1199px) and (min-width: 992px){ .u-block-cae8-2 {min-height: 273px}\n.u-block-cae8-3 {margin-top: 60px; margin-left: auto; margin-right: auto; margin-bottom: 0px; width: 80px; height: 40px}\n.u-block-cae8-4 {width: 100%; height: 100%}\n.u-block-cae8-5 {transform-origin: left center 0px; height: 1px; margin-top: 30px; margin-bottom: 0px}\n.u-block-cae8-6 {margin-top: 40px; margin-bottom: 25px}\n.u-block-cae8-7 {min-height: 91px; background-image: none}\n.u-block-cae8-8 {padding-left: 24.7369px; padding-right: 24.7369px}\n.u-block-cae8-9 {margin-top: 19.5px; margin-bottom: 19.5px; margin-left: 0px; margin-right: 0px}\n.u-block-cae8-10 {min-height: 91px; background-image: none}\n.u-block-cae8-11 {padding-left: 24.7369px; padding-right: 24.7369px}\n.u-block-cae8-12 {margin-top: 19.5px; margin-bottom: 19.5px; margin-left: 0px; margin-right: 0px}\n.u-block-cae8-13 {min-height: 91px; background-image: none}\n.u-block-cae8-14 {padding-left: 24.7369px; padding-right: 24.7369px}\n.u-block-cae8-15 {margin-top: 19.5px; margin-bottom: 19.5px; margin-left: 0px; margin-right: 0px}\n.u-block-cae8-16 {min-height: 91px; background-image: none}\n.u-block-cae8-17 {padding-left: 24.7369px; padding-right: 24.7369px}\n.u-block-cae8-18 {margin-top: 19.5px; margin-bottom: 19.5px; margin-left: 0px; margin-right: 0px} }</style>\n  <style data-mode=\"MD\" data-visited=\"true\">@media (max-width: 991px) and (min-width: 768px){ .u-block-cae8-2 {min-height: 364px}\n.u-block-cae8-3 {margin-top: 60px; margin-left: auto; margin-right: auto; margin-bottom: 0px; width: 80px; height: 40px}\n.u-block-cae8-4 {width: 100%; height: 100%}\n.u-block-cae8-5 {transform-origin: left center 0px; height: 1px; margin-top: 30px; margin-bottom: 0px}\n.u-block-cae8-6 {margin-top: 40px; margin-bottom: 25px}\n.u-block-cae8-7 {min-height: 91px; background-image: none}\n.u-block-cae8-8 {padding-left: 18.9474px; padding-right: 18.9474px}\n.u-block-cae8-9 {margin-top: 19.5px; margin-bottom: 19.5px; margin-left: 0px; margin-right: 0px}\n.u-block-cae8-10 {min-height: 91px; background-image: none}\n.u-block-cae8-11 {padding-left: 18.9474px; padding-right: 18.9474px}\n.u-block-cae8-12 {margin-top: 19.5px; margin-bottom: 19.5px; margin-left: 0px; margin-right: 0px}\n.u-block-cae8-13 {min-height: 91px; background-image: none}\n.u-block-cae8-14 {padding-left: 18.9474px; padding-right: 18.9474px}\n.u-block-cae8-15 {margin-top: 19.5px; margin-bottom: 19.5px; margin-left: 0px; margin-right: 0px}\n.u-block-cae8-16 {min-height: 91px; background-image: none}\n.u-block-cae8-17 {padding-left: 18.9474px; padding-right: 18.9474px}\n.u-block-cae8-18 {margin-top: 19.5px; margin-bottom: 19.5px; margin-left: 0px; margin-right: 0px} }</style>\n  <style data-mode=\"SM\" data-visited=\"true\">@media (max-width: 767px) and (min-width: 576px){ .u-block-cae8-2 {min-height: 455px}\n.u-block-cae8-3 {margin-top: 60px; margin-left: auto; margin-right: auto; margin-bottom: 0px; width: 80px; height: 40px}\n.u-block-cae8-4 {width: 100%; height: 100%}\n.u-block-cae8-5 {transform-origin: left center 0px; height: 1px; margin-top: 30px; margin-bottom: 0px}\n.u-block-cae8-6 {width: 406px; margin-top: 35px; margin-right: auto; margin-bottom: 30px; margin-left: 67px}\n.u-block-cae8-7 {min-height: 91px; background-image: none}\n.u-block-cae8-8 {padding-left: 14.2106px; padding-right: 14.2106px}\n.u-block-cae8-9 {margin-top: 19.5px; margin-bottom: 19.5px; margin-left: 0px; margin-right: 0px}\n.u-block-cae8-10 {min-height: 91px; background-image: none}\n.u-block-cae8-11 {padding-left: 14.2106px; padding-right: 14.2106px}\n.u-block-cae8-12 {margin-top: 19.5px; margin-bottom: 19.5px; margin-left: 0px; margin-right: 0px}\n.u-block-cae8-13 {min-height: 91px; background-image: none}\n.u-block-cae8-14 {padding-left: 14.2106px; padding-right: 14.2106px}\n.u-block-cae8-15 {margin-top: 19.5px; margin-bottom: 19.5px; margin-left: 0px; margin-right: 0px}\n.u-block-cae8-16 {min-height: 91px; background-image: none}\n.u-block-cae8-17 {padding-left: 14.2106px; padding-right: 14.2106px}\n.u-block-cae8-18 {margin-top: 19.5px; margin-bottom: 19.5px; margin-left: 0px; margin-right: 0px} }</style>\n  <style data-mode=\"XS\" data-visited=\"true\">@media (max-width: 575px){ .u-block-cae8-2 {min-height: 455px}\n.u-block-cae8-3 {margin-top: 60px; margin-left: auto; margin-right: auto; margin-bottom: 0px; width: 80px; height: 40px}\n.u-block-cae8-4 {width: 100%; height: 100%}\n.u-block-cae8-5 {transform-origin: left center 0px; height: 1px; margin-top: 30px; margin-bottom: 0px}\n.u-block-cae8-6 {margin-top: 35px; margin-bottom: 30px}\n.u-block-cae8-7 {min-height: 91px; background-image: none}\n.u-block-cae8-8 {padding-left: 8.9474px; padding-right: 8.9474px}\n.u-block-cae8-9 {margin-top: 19.5px; margin-bottom: 19.5px; margin-left: 0px; margin-right: 0px}\n.u-block-cae8-10 {min-height: 91px; background-image: none}\n.u-block-cae8-11 {padding-left: 8.9474px; padding-right: 8.9474px}\n.u-block-cae8-12 {margin-top: 19.5px; margin-bottom: 19.5px; margin-left: 0px; margin-right: 0px}\n.u-block-cae8-13 {min-height: 91px; background-image: none}\n.u-block-cae8-14 {padding-left: 8.9474px; padding-right: 8.9474px}\n.u-block-cae8-15 {margin-top: 19.5px; margin-bottom: 19.5px; margin-left: 0px; margin-right: 0px}\n.u-block-cae8-16 {min-height: 91px; background-image: none}\n.u-block-cae8-17 {padding-left: 8.9474px; padding-right: 8.9474px}\n.u-block-cae8-18 {margin-top: 19.5px; margin-bottom: 19.5px; margin-left: 0px; margin-right: 0px} }</style>\n</section>","hideBacklink":null,"homePageId":5237021,"dateUpdated":1687610398327,"settings":"{\"id\":0,\"colorScheme\":{\"bodyColors\":[\"#111111\",\"#ffffff\"],\"bgColor\":\"#ffffff\",\"colors\":[\"#73a3de\",\"#4c637f\",\"#8bc9ba\",\"#92e4fd\",\"#bfac99\"],\"shadingContrast\":\"body-alt-color\",\"whiteContrast\":\"body-color\",\"bgContrast\":\"body-color\",\"name\":\"u10\",\"customColors\":[]},\"fontScheme\":{\"name\":\"Roboto-OpenSans\",\"default\":true,\"isDefault\":true,\"fonts\":{\"heading\":\"Roboto, sans-serif\",\"text\":\"Open Sans, sans-serif\",\"accent\":\"Arial, sans-serif\",\"headingTitle\":\"Roboto\",\"textTitle\":\"Open Sans\"}},\"typography\":{\"name\":\"Light\",\"isDefault\":true,\"title\":{\"font-weight\":\"300\",\"line-height\":\"1_1\",\"font-size\":4.5,\"margin-top\":20,\"margin-bottom\":20,\"SM\":{\"font-size\":3.75},\"XS\":{\"font-size\":3}},\"subtitle\":{\"font-weight\":\"300\",\"line-height\":\"1_2\",\"font-size\":2.25,\"margin-top\":20,\"margin-bottom\":20,\"SM\":{\"font-size\":1.5}},\"h1\":{\"font-weight\":\"300\",\"line-height\":\"1_1\",\"font-size\":3.75,\"margin-top\":20,\"margin-bottom\":20,\"SM\":{\"font-size\":3},\"XS\":{\"font-size\":1.875}},\"h2\":{\"font-weight\":\"300\",\"line-height\":\"1_2\",\"font-size\":2.25,\"margin-top\":20,\"margin-bottom\":20,\"SM\":{\"font-size\":1.5}},\"h3\":{\"bold\":false,\"font-weight\":\"300\",\"line-height\":\"1_2\",\"font-size\":1.875,\"margin-top\":20,\"margin-bottom\":20,\"SM\":{\"font-size\":1.5}},\"h4\":{\"font-weight\":\"300\",\"line-height\":\"1_2\",\"font-size\":1.5,\"margin-top\":20,\"margin-bottom\":20},\"h5\":{\"font-weight\":\"300\",\"line-height\":\"1_2\",\"font-size\":1.25,\"margin-top\":20,\"margin-bottom\":20},\"h6\":{\"font-weight\":\"300\",\"line-height\":\"1_2\",\"font-size\":1.125,\"margin-top\":20,\"margin-bottom\":20},\"largeText\":{\"bold\":false,\"line-height\":\"1_6\",\"font-size\":1,\"margin-top\":20,\"margin-bottom\":20},\"text\":{\"bold\":false,\"line-height\":\"1_6\",\"font-size\":1,\"margin-top\":20,\"margin-bottom\":20},\"smallText\":{\"bold\":false,\"line-height\":\"1_6\",\"font-size\":0.875,\"margin-top\":20,\"margin-bottom\":20},\"hyperlink\":{\"line-height\":\"1_8\",\"text-color\":\"palette-1-base\"},\"link\":{},\"button\":{\"letter-spacing\":\"1\",\"font-size\":1,\"line-height\":\"1_4\",\"color\":\"palette-1-base\",\"margin-top\":20,\"margin-bottom\":20},\"blockquote\":{\"font-style\":\"italic\",\"line-height\":\"1_6\",\"font-size\":1.25,\"indent\":20,\"border\":4,\"border-color\":\"palette-1-base\",\"margin-top\":20,\"margin-bottom\":20},\"metadata\":{\"font-size\":0.75,\"letter-spacing\":\"1\",\"line-height\":\"1_4\",\"margin-top\":20,\"margin-bottom\":20},\"list\":{\"margin-top\":20,\"margin-bottom\":20},\"orderedlist\":{\"margin-top\":20,\"margin-bottom\":20},\"postContent\":{\"margin-top\":20,\"margin-bottom\":20},\"theme\":{\"gradient\":\"\",\"image\":\"\",\"sheet-width-xl\":1140,\"sheet-width-lg\":940,\"sheet-width-md\":720,\"sheet-width-sm\":540,\"sheet-width-xs\":340},\"htmlBaseSize\":16,\"form-input\":{\"border\":1,\"border-color\":\"grey-30\",\"borders\":\"top right bottom left\",\"color\":\"white\",\"text-color\":\"black\"}},\"homePageId\":5237021,\"lang\":\"ru\",\"formServices\":{\"3d60fcc0ad99ece46447c28f9c5946ff\":{\"id\":\"3d60fcc0ad99ece46447c28f9c5946ff\",\"type\":\"email\",\"token\":\"ef52e8376e2b4c6298766797a4096f8a\",\"email\":\"mitabos283@aaorsi.com\",\"isVerified\":false}},\"payment\":{\"services\":{}},\"captchaSiteKey\":\"6Lc2HDEiAAAAALpe1yqNarK-BmlyYl_MNPZx7_AB\",\"captchaSecretKey\":\"\",\"cookiesSection\":\"<section class=\\\"u-align-center u-block-3bcb-1 u-clearfix u-cookies-consent u-grey-80\\\" custom-posts-hash=\\\"T\\\" style=\\\"background-image: none\\\" data-post-id=\\\"1\\\" data-section-properties=\\\"{&quot;stretch&quot;:true}\\\" data-id=\\\"3bcb\\\" data-posts-content=\\\"[{'images':[],'maps':[],'videos':[],'icons':[],'textWidth':874,'textHeight':152,'id':1,'headingProp':'h3','textProp':'text'}]\\\" data-style=\\\"cookie-1\\\" id=\\\"sec-c613\\\" data-source=\\\"\\\">\\n  <div class=\\\"u-block-3bcb-2 u-clearfix u-sheet u-valign-middle\\\" style=\\\"min-height: 212px\\\" data-state=\\\"{&quot;margin-top&quot;:{&quot;shouldApplyDefaultMargins&quot;:{&quot;XL&quot;:false,&quot;LG&quot;:false,&quot;MD&quot;:false,&quot;SM&quot;:false,&quot;XS&quot;:false},&quot;parentVerticalAlign&quot;:{&quot;XL&quot;:&quot;middle&quot;,&quot;LG&quot;:&quot;middle&quot;,&quot;MD&quot;:&quot;middle&quot;,&quot;SM&quot;:&quot;middle&quot;,&quot;XS&quot;:&quot;middle&quot;}},&quot;margin-bottom&quot;:{&quot;shouldApplyDefaultMargins&quot;:{&quot;XL&quot;:false,&quot;LG&quot;:false,&quot;MD&quot;:false,&quot;SM&quot;:false,&quot;XS&quot;:false},&quot;parentVerticalAlign&quot;:{&quot;XL&quot;:&quot;middle&quot;,&quot;LG&quot;:&quot;middle&quot;,&quot;MD&quot;:&quot;middle&quot;,&quot;SM&quot;:&quot;middle&quot;,&quot;XS&quot;:&quot;middle&quot;}}}\\\" data-height-lg=\\\"158\\\" data-height-md=\\\"131\\\" data-height-sm=\\\"106\\\" data-height-xs=\\\"225\\\">\\n    <div class=\\\"u-block-3bcb-7 u-clearfix u-expanded-width u-layout-wrap\\\" style=\\\"margin-top: 30px; margin-bottom: 30px\\\" data-state=\\\"{&quot;margin-top&quot;:{&quot;shouldApplyDefaultMargins&quot;:{&quot;XL&quot;:false,&quot;LG&quot;:false,&quot;MD&quot;:false,&quot;SM&quot;:true,&quot;XS&quot;:true},&quot;parentVerticalAlign&quot;:{&quot;XL&quot;:&quot;middle&quot;,&quot;LG&quot;:&quot;middle&quot;,&quot;MD&quot;:&quot;middle&quot;,&quot;SM&quot;:&quot;middle&quot;,&quot;XS&quot;:&quot;middle&quot;}},&quot;margin-bottom&quot;:{&quot;shouldApplyDefaultMargins&quot;:{&quot;XL&quot;:false,&quot;LG&quot;:false,&quot;MD&quot;:false,&quot;SM&quot;:true,&quot;XS&quot;:true},&quot;parentVerticalAlign&quot;:{&quot;XL&quot;:&quot;middle&quot;,&quot;LG&quot;:&quot;middle&quot;,&quot;MD&quot;:&quot;middle&quot;,&quot;SM&quot;:&quot;middle&quot;,&quot;XS&quot;:&quot;middle&quot;}}}\\\">\\n      <div class=\\\"u-gutter-0 u-layout\\\">\\n        <div class=\\\"u-layout-row\\\">\\n          <div class=\\\"u-block-3bcb-8 u-container-style u-layout-cell u-left-cell u-size-43-md u-size-43-sm u-size-43-xs u-size-46-lg u-size-46-xl\\\" style=\\\"min-height: 152px\\\" data-state=\\\"{&quot;min-height&quot;:{&quot;expandedParent&quot;:{&quot;XL&quot;:true,&quot;LG&quot;:true,&quot;MD&quot;:true,&quot;SM&quot;:true,&quot;XS&quot;:true},&quot;cellMultiplier&quot;:{&quot;XL&quot;:1,&quot;LG&quot;:1,&quot;MD&quot;:0.9347826086956521,&quot;SM&quot;:1.3953488372093024,&quot;XS&quot;:1},&quot;canCollapse&quot;:{&quot;XL&quot;:false,&quot;LG&quot;:false,&quot;MD&quot;:true,&quot;SM&quot;:true,&quot;XS&quot;:true}}}\\\">\\n            <div class=\\\"u-block-3bcb-9 u-container-layout u-valign-middle\\\" style=\\\"padding-top: 30px; padding-bottom: 30px; padding-left: 60px; padding-right: 60px\\\" data-state=\\\"{&quot;min-height&quot;:{&quot;canCollapse&quot;:{&quot;XL&quot;:false,&quot;LG&quot;:false,&quot;MD&quot;:false,&quot;SM&quot;:false,&quot;XS&quot;:false}}}\\\">\\n              <h3 class=\\\"u-block-3bcb-6 u-text u-text-default\\\" style=\\\"margin-top: 0px; margin-right: 20px; margin-bottom: 0px;\\\">Cookies &amp; Privacy</h3>\\n              <p class=\\\"u-block-3bcb-5 u-text u-text-default\\\" style=\\\"margin: 8px 20px 0px 0px;\\\">This website uses cookies to ensure you get the best experience on our website.</p>\\n            </div>\\n          </div>\\n          <div class=\\\"u-align-left u-block-3bcb-10 u-container-style u-layout-cell u-right-cell u-size-14-lg u-size-14-xl u-size-17-md u-size-17-sm u-size-17-xs\\\" style=\\\"min-height: 152px\\\" data-state=\\\"{&quot;min-height&quot;:{&quot;expandedParent&quot;:{&quot;XL&quot;:true,&quot;LG&quot;:true,&quot;MD&quot;:true,&quot;SM&quot;:true,&quot;XS&quot;:true},&quot;cellMultiplier&quot;:{&quot;XL&quot;:1,&quot;LG&quot;:1,&quot;MD&quot;:1.2142857142857142,&quot;SM&quot;:3.5294117647058822,&quot;XS&quot;:1},&quot;canCollapse&quot;:{&quot;XL&quot;:false,&quot;LG&quot;:false,&quot;MD&quot;:true,&quot;SM&quot;:true,&quot;XS&quot;:true}}}\\\">\\n            <div class=\\\"u-block-3bcb-11 u-container-layout u-valign-middle-lg u-valign-middle-md u-valign-middle-xl u-valign-top-sm u-valign-top-xs\\\" style=\\\"padding-top: 30px; padding-bottom: 30px; padding-left: 30px; padding-right: 30px\\\" data-state=\\\"{&quot;min-height&quot;:{&quot;canCollapse&quot;:{&quot;XL&quot;:false,&quot;LG&quot;:false,&quot;MD&quot;:false,&quot;SM&quot;:false,&quot;XS&quot;:false}}}\\\">\\n              <a href=\\\"###\\\" class=\\\"u-block-3bcb-3 u-btn u-button-confirm u-button-style u-palette-1-base\\\" style=\\\"margin-top: 0px; margin-right: auto; margin-bottom: 0px; margin-left: 0px\\\">Confirm</a>\\n            </div>\\n          </div>\\n        </div>\\n      </div>\\n    </div>\\n  </div>\\n  <style data-mode=\\\"XL\\\">@media (max-width: 0px) { .u-block-3bcb-1 {background-image: none}\\n.u-block-3bcb-2 {min-height: 212px}\\n.u-block-3bcb-7 {margin-top: 30px; margin-bottom: 30px}\\n.u-block-3bcb-8 {min-height: 152px}\\n.u-block-3bcb-9 {padding-top: 30px; padding-bottom: 30px; padding-left: 60px; padding-right: 60px}\\n.u-block-3bcb-6 {margin-top: 0px; margin-right: 20px; margin-bottom: 0px}\\n.u-block-3bcb-5 {margin-top: 8px; margin-right: 20px; margin-bottom: 0px; margin-left: 0px}\\n.u-block-3bcb-10 {min-height: 152px}\\n.u-block-3bcb-11 {padding-top: 30px; padding-bottom: 30px; padding-left: 30px; padding-right: 30px}\\n.u-block-3bcb-3 {margin-top: 0px; margin-right: auto; margin-bottom: 0px; margin-left: 0px} }</style>\\n  <style data-mode=\\\"LG\\\">@media (max-width: 0px) { .u-block-3bcb-1 {background-image: none}\\n.u-block-3bcb-2 {min-height: 131px}\\n.u-block-3bcb-7 {margin-top: 30px; margin-bottom: 30px}\\n.u-block-3bcb-8 {min-height: 125px}\\n.u-block-3bcb-9 {padding-top: 30px; padding-bottom: 30px; padding-left: 60px; padding-right: 60px}\\n.u-block-3bcb-6 {margin-top: 0px; margin-right: 0px; margin-bottom: 0px}\\n.u-block-3bcb-5 {margin-top: 8px; margin-right: 0px; margin-bottom: 0px; margin-left: 0px}\\n.u-block-3bcb-10 {min-height: 125px}\\n.u-block-3bcb-11 {padding-top: 30px; padding-bottom: 30px; padding-left: 30px; padding-right: 30px}\\n.u-block-3bcb-3 {margin-top: 0px; margin-right: auto; margin-bottom: 0px; margin-left: 0px} }</style>\\n  <style data-mode=\\\"MD\\\" data-visited=\\\"true\\\">@media (max-width: 0px) { .u-block-3bcb-1 {background-image: none}\\n.u-block-3bcb-2 {min-height: 106px}\\n.u-block-3bcb-7 {margin-top: 30px; margin-bottom: 30px}\\n.u-block-3bcb-8 {min-height: 100px}\\n.u-block-3bcb-9 {padding-top: 30px; padding-bottom: 30px; padding-left: 30px; padding-right: 30px}\\n.u-block-3bcb-6 {margin-top: 0px; margin-right: 0px; margin-bottom: 0px}\\n.u-block-3bcb-5 {margin-top: 8px; margin-right: 0px; margin-bottom: 0px; margin-left: 0px}\\n.u-block-3bcb-10 {min-height: 100px}\\n.u-block-3bcb-11 {padding-top: 30px; padding-bottom: 30px; padding-left: 30px; padding-right: 30px}\\n.u-block-3bcb-3 {margin-top: 0px; margin-right: auto; margin-bottom: 0px; margin-left: 0px} }</style>\\n  <style data-mode=\\\"SM\\\" data-visited=\\\"true\\\">@media (max-width: 0px) { .u-block-3bcb-1 {background-image: none}\\n.u-block-3bcb-2 {min-height: 225px}\\n.u-block-3bcb-7 {margin-top: 30px; margin-bottom: 30px}\\n.u-block-3bcb-8 {min-height: 154px}\\n.u-block-3bcb-9 {padding-top: 30px; padding-left: 10px; padding-right: 10px; padding-bottom: 20px}\\n.u-block-3bcb-6 {margin-top: 0px; margin-right: 0px; margin-bottom: 0px}\\n.u-block-3bcb-5 {margin-top: 8px; margin-right: 0px; margin-bottom: 0px; margin-left: 0px}\\n.u-block-3bcb-10 {min-height: 65px}\\n.u-block-3bcb-11 {padding-top: 10px; padding-bottom: 10px; padding-left: 10px; padding-right: 10px}\\n.u-block-3bcb-3 {margin-top: 0px; margin-right: auto; margin-bottom: 0px; margin-left: 0px} }</style>\\n  <style data-mode=\\\"XS\\\" data-visited=\\\"true\\\">@media (max-width: 0px) { .u-block-3bcb-1 {background-image: none}\\n.u-block-3bcb-2 {min-height: 121px}\\n.u-block-3bcb-7 {margin-top: 30px; margin-bottom: 30px}\\n.u-block-3bcb-8 {min-height: 100px}\\n.u-block-3bcb-9 {padding-top: 30px; padding-bottom: 20px; padding-left: 10px; padding-right: 10px}\\n.u-block-3bcb-6 {margin-top: 0px; margin-right: 0px; margin-bottom: 0px}\\n.u-block-3bcb-5 {margin-top: 8px; margin-right: 0px; margin-bottom: 0px; margin-left: 0px}\\n.u-block-3bcb-10 {min-height: 15px}\\n.u-block-3bcb-11 {padding-top: 10px; padding-bottom: 10px; padding-left: 10px; padding-right: 10px}\\n.u-block-3bcb-3 {margin-top: 0px; margin-right: auto; margin-bottom: 0px; margin-left: 0px} }</style>\\n</section>\",\"langs\":[{\"id\":\"1\",\"name\":\"ru\",\"title\":\"Russian\"}],\"domain\":\"\"}","dialog":null,"title":"WebSite5237020","siteStyleCss":"<style id=\"color-scheme\" color-scheme=\"u10\" color-style=\"multicolor-1\">.u-body {\n--none: transparent;\n--none-darker: transparent;\n--none-r: 255;\n--none-g: 255;\n--none-b: 255;\n--none-contrast: body-color;\n--none-contrast-darker: body-color;\n--none-text-color: var(--body-color);\n--transparent: transparent;\n--transparent-darker: transparent;\n--transparent-r: 255;\n--transparent-g: 255;\n--transparent-b: 255;\n--transparent-contrast: body-color;\n--transparent-contrast-darker: body-color;\n--transparent-text-color: var(--body-color);\n--body-color: #111111;\n--body-color-darker: #0f0f0f;\n--body-color-r: 17;\n--body-color-g: 17;\n--body-color-b: 17;\n--body-color-contrast: white;\n--body-color-contrast-darker: white;\n--body-color-text-color: var(--body-alt-color);\n--body-alt-color: #ffffff;\n--body-alt-color-darker: #e6e6e6;\n--body-alt-color-r: 255;\n--body-alt-color-g: 255;\n--body-alt-color-b: 255;\n--body-alt-color-contrast: black;\n--body-alt-color-contrast-darker: black;\n--body-alt-color-text-color: var(--body-color);\n--bg-color: #ffffff;\n--bg-color-darker: #e6e6e6;\n--bg-color-r: 255;\n--bg-color-g: 255;\n--bg-color-b: 255;\n--bg-color-contrast: black;\n--bg-color-contrast-darker: black;\n--bg-color-text-color: var(--body-color);\n--palette-1-base: #73a3de;\n--palette-1-base-darker: #5891d8;\n--palette-1-base-r: 115;\n--palette-1-base-g: 163;\n--palette-1-base-b: 222;\n--palette-1-base-contrast: white;\n--palette-1-base-contrast-darker: white;\n--palette-1-base-text-color: var(--body-alt-color);\n--palette-1-dark-3: #292d33;\n--palette-1-dark-3-darker: #25292e;\n--palette-1-dark-3-r: 41;\n--palette-1-dark-3-g: 45;\n--palette-1-dark-3-b: 51;\n--palette-1-dark-3-contrast: white;\n--palette-1-dark-3-contrast-darker: white;\n--palette-1-dark-3-text-color: var(--body-alt-color);\n--palette-1-dark-2: #4c5a6c;\n--palette-1-dark-2-darker: #445161;\n--palette-1-dark-2-r: 76;\n--palette-1-dark-2-g: 90;\n--palette-1-dark-2-b: 108;\n--palette-1-dark-2-contrast: white;\n--palette-1-dark-2-contrast-darker: white;\n--palette-1-dark-2-text-color: var(--body-alt-color);\n--palette-1-dark-1: #6582a5;\n--palette-1-dark-1-darker: #587597;\n--palette-1-dark-1-r: 101;\n--palette-1-dark-1-g: 130;\n--palette-1-dark-1-b: 165;\n--palette-1-dark-1-contrast: white;\n--palette-1-dark-1-contrast-darker: white;\n--palette-1-dark-1-text-color: var(--body-alt-color);\n--palette-1: #73a3de;\n--palette-1-darker: #5891d8;\n--palette-1-r: 115;\n--palette-1-g: 163;\n--palette-1-b: 222;\n--palette-1-contrast: white;\n--palette-1-contrast-darker: white;\n--palette-1-text-color: var(--body-alt-color);\n--palette-1-light-1: #9abde8;\n--palette-1-light-1-darker: #7ba8e1;\n--palette-1-light-1-r: 154;\n--palette-1-light-1-g: 189;\n--palette-1-light-1-b: 232;\n--palette-1-light-1-contrast: white;\n--palette-1-light-1-contrast-darker: white;\n--palette-1-light-1-text-color: var(--body-alt-color);\n--palette-1-light-2: #c3d8f2;\n--palette-1-light-2-darker: #9fc1ea;\n--palette-1-light-2-r: 195;\n--palette-1-light-2-g: 216;\n--palette-1-light-2-b: 242;\n--palette-1-light-2-contrast: black;\n--palette-1-light-2-contrast-darker: black;\n--palette-1-light-2-text-color: var(--body-color);\n--palette-1-light-3: #f0f5fc;\n--palette-1-light-3-darker: #c7daf4;\n--palette-1-light-3-r: 240;\n--palette-1-light-3-g: 245;\n--palette-1-light-3-b: 252;\n--palette-1-light-3-contrast: black;\n--palette-1-light-3-contrast-darker: black;\n--palette-1-light-3-text-color: var(--body-color);\n--palette-2-base: #4c637f;\n--palette-2-base-darker: #445972;\n--palette-2-base-r: 76;\n--palette-2-base-g: 99;\n--palette-2-base-b: 127;\n--palette-2-base-contrast: white;\n--palette-2-base-contrast-darker: white;\n--palette-2-base-text-color: var(--body-alt-color);\n--palette-2-dark-3: #292d33;\n--palette-2-dark-3-darker: #25292e;\n--palette-2-dark-3-r: 41;\n--palette-2-dark-3-g: 45;\n--palette-2-dark-3-b: 51;\n--palette-2-dark-3-contrast: white;\n--palette-2-dark-3-contrast-darker: white;\n--palette-2-dark-3-text-color: var(--body-alt-color);\n--palette-2-dark-2: #3e4a59;\n--palette-2-dark-2-darker: #384350;\n--palette-2-dark-2-r: 62;\n--palette-2-dark-2-g: 74;\n--palette-2-dark-2-b: 89;\n--palette-2-dark-2-contrast: white;\n--palette-2-dark-2-contrast-darker: white;\n--palette-2-dark-2-text-color: var(--body-alt-color);\n--palette-2-dark-1: #4c637f;\n--palette-2-dark-1-darker: #445972;\n--palette-2-dark-1-r: 76;\n--palette-2-dark-1-g: 99;\n--palette-2-dark-1-b: 127;\n--palette-2-dark-1-contrast: white;\n--palette-2-dark-1-contrast-darker: white;\n--palette-2-dark-1-text-color: var(--body-alt-color);\n--palette-2: #85a0c1;\n--palette-2-darker: #6f8fb6;\n--palette-2-r: 133;\n--palette-2-g: 160;\n--palette-2-b: 193;\n--palette-2-contrast: white;\n--palette-2-contrast-darker: white;\n--palette-2-text-color: var(--body-alt-color);\n--palette-2-light-1: #a6bbd4;\n--palette-2-light-1-darker: #8da8c8;\n--palette-2-light-1-r: 166;\n--palette-2-light-1-g: 187;\n--palette-2-light-1-b: 212;\n--palette-2-light-1-contrast: white;\n--palette-2-light-1-contrast-darker: white;\n--palette-2-light-1-text-color: var(--body-alt-color);\n--palette-2-light-2: #cad7e6;\n--palette-2-light-2-darker: #adc1d8;\n--palette-2-light-2-r: 202;\n--palette-2-light-2-g: 215;\n--palette-2-light-2-b: 230;\n--palette-2-light-2-contrast: black;\n--palette-2-light-2-contrast-darker: black;\n--palette-2-light-2-text-color: var(--body-color);\n--palette-2-light-3: #f1f5f9;\n--palette-2-light-3-darker: #cfddea;\n--palette-2-light-3-r: 241;\n--palette-2-light-3-g: 245;\n--palette-2-light-3-b: 249;\n--palette-2-light-3-contrast: black;\n--palette-2-light-3-contrast-darker: black;\n--palette-2-light-3-text-color: var(--body-color);\n--palette-3-base: #8bc9ba;\n--palette-3-base-darker: #74beac;\n--palette-3-base-r: 139;\n--palette-3-base-g: 201;\n--palette-3-base-b: 186;\n--palette-3-base-contrast: black;\n--palette-3-base-contrast-darker: white;\n--palette-3-base-text-color: var(--body-color);\n--palette-3-dark-3: #293331;\n--palette-3-dark-3-darker: #252e2c;\n--palette-3-dark-3-r: 41;\n--palette-3-dark-3-g: 51;\n--palette-3-dark-3-b: 49;\n--palette-3-dark-3-contrast: white;\n--palette-3-dark-3-contrast-darker: white;\n--palette-3-dark-3-text-color: var(--body-alt-color);\n--palette-3-dark-2: #4d655f;\n--palette-3-dark-2-darker: #455b56;\n--palette-3-dark-2-r: 77;\n--palette-3-dark-2-g: 101;\n--palette-3-dark-2-b: 95;\n--palette-3-dark-2-contrast: white;\n--palette-3-dark-2-contrast-darker: white;\n--palette-3-dark-2-text-color: var(--body-alt-color);\n--palette-3-dark-1: #6e978d;\n--palette-3-dark-1-darker: #62897f;\n--palette-3-dark-1-r: 110;\n--palette-3-dark-1-g: 151;\n--palette-3-dark-1-b: 141;\n--palette-3-dark-1-contrast: white;\n--palette-3-dark-1-contrast-darker: white;\n--palette-3-dark-1-text-color: var(--body-alt-color);\n--palette-3: #8bc9ba;\n--palette-3-darker: #74beac;\n--palette-3-r: 139;\n--palette-3-g: 201;\n--palette-3-b: 186;\n--palette-3-contrast: black;\n--palette-3-contrast-darker: white;\n--palette-3-text-color: var(--body-color);\n--palette-3-light-1: #aad9ce;\n--palette-3-light-1-darker: #8fcdbf;\n--palette-3-light-1-r: 170;\n--palette-3-light-1-g: 217;\n--palette-3-light-1-b: 206;\n--palette-3-light-1-contrast: black;\n--palette-3-light-1-contrast-darker: black;\n--palette-3-light-1-text-color: var(--body-color);\n--palette-3-light-2: #cde9e2;\n--palette-3-light-2-darker: #afdcd0;\n--palette-3-light-2-r: 205;\n--palette-3-light-2-g: 233;\n--palette-3-light-2-b: 226;\n--palette-3-light-2-contrast: black;\n--palette-3-light-2-contrast-darker: black;\n--palette-3-light-2-text-color: var(--body-color);\n--palette-3-light-3: #f2faf8;\n--palette-3-light-3-darker: #ceece5;\n--palette-3-light-3-r: 242;\n--palette-3-light-3-g: 250;\n--palette-3-light-3-b: 248;\n--palette-3-light-3-contrast: black;\n--palette-3-light-3-contrast-darker: black;\n--palette-3-light-3-text-color: var(--body-color);\n--palette-4-base: #92e4fd;\n--palette-4-base-darker: #6bdafc;\n--palette-4-base-r: 146;\n--palette-4-base-g: 228;\n--palette-4-base-b: 253;\n--palette-4-base-contrast: black;\n--palette-4-base-contrast-darker: black;\n--palette-4-base-text-color: var(--body-color);\n--palette-4-dark-3: #293133;\n--palette-4-dark-3-darker: #252c2e;\n--palette-4-dark-3-r: 41;\n--palette-4-dark-3-g: 49;\n--palette-4-dark-3-b: 51;\n--palette-4-dark-3-contrast: white;\n--palette-4-dark-3-contrast-darker: white;\n--palette-4-dark-3-text-color: var(--body-alt-color);\n--palette-4-dark-2: #496168;\n--palette-4-dark-2-darker: #42575e;\n--palette-4-dark-2-r: 73;\n--palette-4-dark-2-g: 97;\n--palette-4-dark-2-b: 104;\n--palette-4-dark-2-contrast: white;\n--palette-4-dark-2-contrast-darker: white;\n--palette-4-dark-2-text-color: var(--body-alt-color);\n--palette-4-dark-1: #5f8e9c;\n--palette-4-dark-1-darker: #56808c;\n--palette-4-dark-1-r: 95;\n--palette-4-dark-1-g: 142;\n--palette-4-dark-1-b: 156;\n--palette-4-dark-1-contrast: white;\n--palette-4-dark-1-contrast-darker: white;\n--palette-4-dark-1-text-color: var(--body-alt-color);\n--palette-4: #6cb9d1;\n--palette-4-darker: #54aec9;\n--palette-4-r: 108;\n--palette-4-g: 185;\n--palette-4-b: 209;\n--palette-4-contrast: white;\n--palette-4-contrast-darker: white;\n--palette-4-text-color: var(--body-alt-color);\n--palette-4-light-1: #92e4fd;\n--palette-4-light-1-darker: #6bdafc;\n--palette-4-light-1-r: 146;\n--palette-4-light-1-g: 228;\n--palette-4-light-1-b: 253;\n--palette-4-light-1-contrast: black;\n--palette-4-light-1-contrast-darker: black;\n--palette-4-light-1-text-color: var(--body-color);\n--palette-4-light-2: #c3f0fe;\n--palette-4-light-2-darker: #97e5fd;\n--palette-4-light-2-r: 195;\n--palette-4-light-2-g: 240;\n--palette-4-light-2-b: 254;\n--palette-4-light-2-contrast: black;\n--palette-4-light-2-contrast-darker: black;\n--palette-4-light-2-text-color: var(--body-color);\n--palette-4-light-3: #f4fcff;\n--palette-4-light-3-darker: #c2eeff;\n--palette-4-light-3-r: 244;\n--palette-4-light-3-g: 252;\n--palette-4-light-3-b: 255;\n--palette-4-light-3-contrast: black;\n--palette-4-light-3-contrast-darker: black;\n--palette-4-light-3-text-color: var(--body-color);\n--palette-5-base: #bfac99;\n--palette-5-base-darker: #b29b84;\n--palette-5-base-r: 191;\n--palette-5-base-g: 172;\n--palette-5-base-b: 153;\n--palette-5-base-contrast: white;\n--palette-5-base-contrast-darker: white;\n--palette-5-base-text-color: var(--body-alt-color);\n--palette-5-dark-3: #332e29;\n--palette-5-dark-3-darker: #2e2925;\n--palette-5-dark-3-r: 51;\n--palette-5-dark-3-g: 46;\n--palette-5-dark-3-b: 41;\n--palette-5-dark-3-contrast: white;\n--palette-5-dark-3-contrast-darker: white;\n--palette-5-dark-3-text-color: var(--body-alt-color);\n--palette-5-dark-2: #62584e;\n--palette-5-dark-2-darker: #584f46;\n--palette-5-dark-2-r: 98;\n--palette-5-dark-2-g: 88;\n--palette-5-dark-2-b: 78;\n--palette-5-dark-2-contrast: white;\n--palette-5-dark-2-contrast-darker: white;\n--palette-5-dark-2-text-color: var(--body-alt-color);\n--palette-5-dark-1: #908274;\n--palette-5-dark-1-darker: #827568;\n--palette-5-dark-1-r: 144;\n--palette-5-dark-1-g: 130;\n--palette-5-dark-1-b: 116;\n--palette-5-dark-1-contrast: white;\n--palette-5-dark-1-contrast-darker: white;\n--palette-5-dark-1-text-color: var(--body-alt-color);\n--palette-5: #bfac99;\n--palette-5-darker: #b29b84;\n--palette-5-r: 191;\n--palette-5-g: 172;\n--palette-5-b: 153;\n--palette-5-contrast: white;\n--palette-5-contrast-darker: white;\n--palette-5-text-color: var(--body-alt-color);\n--palette-5-light-1: #d2c4b5;\n--palette-5-light-1-darker: #c3b19d;\n--palette-5-light-1-r: 210;\n--palette-5-light-1-g: 196;\n--palette-5-light-1-b: 181;\n--palette-5-light-1-contrast: black;\n--palette-5-light-1-contrast-darker: white;\n--palette-5-light-1-text-color: var(--body-color);\n--palette-5-light-2: #e5dcd3;\n--palette-5-light-2-darker: #d5c6b7;\n--palette-5-light-2-r: 229;\n--palette-5-light-2-g: 220;\n--palette-5-light-2-b: 211;\n--palette-5-light-2-contrast: black;\n--palette-5-light-2-contrast-darker: black;\n--palette-5-light-2-text-color: var(--body-color);\n--palette-5-light-3: #f9f6f4;\n--palette-5-light-3-darker: #e8dcd4;\n--palette-5-light-3-r: 249;\n--palette-5-light-3-g: 246;\n--palette-5-light-3-b: 244;\n--palette-5-light-3-contrast: black;\n--palette-5-light-3-contrast-darker: black;\n--palette-5-light-3-text-color: var(--body-color);\n--grey-40: #999999;\n--grey-40-darker: #8a8a8a;\n--grey-40-r: 153;\n--grey-40-g: 153;\n--grey-40-b: 153;\n--grey-40-contrast: white;\n--grey-40-contrast-darker: white;\n--grey-40-text-color: var(--body-alt-color);\n--grey-30: #b3b3b3;\n--grey-30-darker: #a1a1a1;\n--grey-30-r: 179;\n--grey-30-g: 179;\n--grey-30-b: 179;\n--grey-30-contrast: white;\n--grey-30-contrast-darker: white;\n--grey-30-text-color: var(--body-alt-color);\n--grey-25: #c0c0c0;\n--grey-25-darker: #adadad;\n--grey-25-r: 192;\n--grey-25-g: 192;\n--grey-25-b: 192;\n--grey-25-contrast: black;\n--grey-25-contrast-darker: white;\n--grey-25-text-color: var(--body-color);\n--white: #ffffff;\n--white-darker: #e6e6e6;\n--white-r: 255;\n--white-g: 255;\n--white-b: 255;\n--white-contrast: black;\n--white-contrast-darker: black;\n--white-text-color: var(--body-color);\n--grey-15: #d9d9d9;\n--grey-15-darker: #c3c3c3;\n--grey-15-r: 217;\n--grey-15-g: 217;\n--grey-15-b: 217;\n--grey-15-contrast: black;\n--grey-15-contrast-darker: black;\n--grey-15-text-color: var(--body-color);\n--grey-10: #e5e5e5;\n--grey-10-darker: #cecece;\n--grey-10-r: 229;\n--grey-10-g: 229;\n--grey-10-b: 229;\n--grey-10-contrast: black;\n--grey-10-contrast-darker: black;\n--grey-10-text-color: var(--body-color);\n--grey-5: #f2f2f2;\n--grey-5-darker: #dadada;\n--grey-5-r: 242;\n--grey-5-g: 242;\n--grey-5-b: 242;\n--grey-5-contrast: black;\n--grey-5-contrast-darker: black;\n--grey-5-text-color: var(--body-color);\n--grey-90: #1a1a1a;\n--grey-90-darker: #171717;\n--grey-90-r: 26;\n--grey-90-g: 26;\n--grey-90-b: 26;\n--grey-90-contrast: white;\n--grey-90-contrast-darker: white;\n--grey-90-text-color: var(--body-alt-color);\n--grey-80: #333333;\n--grey-80-darker: #2e2e2e;\n--grey-80-r: 51;\n--grey-80-g: 51;\n--grey-80-b: 51;\n--grey-80-contrast: white;\n--grey-80-contrast-darker: white;\n--grey-80-text-color: var(--body-alt-color);\n--grey-75: #404040;\n--grey-75-darker: #3a3a3a;\n--grey-75-r: 64;\n--grey-75-g: 64;\n--grey-75-b: 64;\n--grey-75-contrast: white;\n--grey-75-contrast-darker: white;\n--grey-75-text-color: var(--body-alt-color);\n--black: #000000;\n--black-darker: #000000;\n--black-r: 0;\n--black-g: 0;\n--black-b: 0;\n--black-contrast: white;\n--black-contrast-darker: white;\n--black-text-color: var(--body-alt-color);\n--grey-70: #4d4d4d;\n--grey-70-darker: #454545;\n--grey-70-r: 77;\n--grey-70-g: 77;\n--grey-70-b: 77;\n--grey-70-contrast: white;\n--grey-70-contrast-darker: white;\n--grey-70-text-color: var(--body-alt-color);\n--grey-60: #666666;\n--grey-60-darker: #5c5c5c;\n--grey-60-r: 102;\n--grey-60-g: 102;\n--grey-60-b: 102;\n--grey-60-contrast: white;\n--grey-60-contrast-darker: white;\n--grey-60-text-color: var(--body-alt-color);\n--grey-50: #808080;\n--grey-50-darker: #737373;\n--grey-50-r: 128;\n--grey-50-g: 128;\n--grey-50-b: 128;\n--grey-50-contrast: white;\n--grey-50-contrast-darker: white;\n--grey-50-text-color: var(--body-alt-color);\n--grey-dark-3: #212121;\n--grey-dark-3-darker: #1e1e1e;\n--grey-dark-3-r: 33;\n--grey-dark-3-g: 33;\n--grey-dark-3-b: 33;\n--grey-dark-3-contrast: white;\n--grey-dark-3-contrast-darker: white;\n--grey-dark-3-text-color: var(--body-alt-color);\n--grey-dark-2: #333333;\n--grey-dark-2-darker: #2e2e2e;\n--grey-dark-2-r: 51;\n--grey-dark-2-g: 51;\n--grey-dark-2-b: 51;\n--grey-dark-2-contrast: white;\n--grey-dark-2-contrast-darker: white;\n--grey-dark-2-text-color: var(--body-alt-color);\n--grey-dark-1: #454545;\n--grey-dark-1-darker: #3e3e3e;\n--grey-dark-1-r: 69;\n--grey-dark-1-g: 69;\n--grey-dark-1-b: 69;\n--grey-dark-1-contrast: white;\n--grey-dark-1-contrast-darker: white;\n--grey-dark-1-text-color: var(--body-alt-color);\n--grey: #b3b3b3;\n--grey-darker: #a1a1a1;\n--grey-r: 179;\n--grey-g: 179;\n--grey-b: 179;\n--grey-contrast: white;\n--grey-contrast-darker: white;\n--grey-text-color: var(--body-alt-color);\n--grey-light-1: #d9d9d9;\n--grey-light-1-darker: #c3c3c3;\n--grey-light-1-r: 217;\n--grey-light-1-g: 217;\n--grey-light-1-b: 217;\n--grey-light-1-contrast: black;\n--grey-light-1-contrast-darker: black;\n--grey-light-1-text-color: var(--body-color);\n--grey-light-2: #eeeeee;\n--grey-light-2-darker: #d6d6d6;\n--grey-light-2-r: 238;\n--grey-light-2-g: 238;\n--grey-light-2-b: 238;\n--grey-light-2-contrast: black;\n--grey-light-2-contrast-darker: black;\n--grey-light-2-text-color: var(--body-color);\n--grey-light-3: #f6f6f6;\n--grey-light-3-darker: #dddddd;\n--grey-light-3-r: 246;\n--grey-light-3-g: 246;\n--grey-light-3-b: 246;\n--grey-light-3-contrast: black;\n--grey-light-3-contrast-darker: black;\n--grey-light-3-text-color: var(--body-color);\n--color-1-base: #73a3de;\n--color-1-base-darker: #5891d8;\n--color-1-base-r: 115;\n--color-1-base-g: 163;\n--color-1-base-b: 222;\n--color-1-base-contrast: white;\n--color-1-base-contrast-darker: white;\n--color-1-base-text-color: var(--body-alt-color);\n--color-1-dark-3: #292d33;\n--color-1-dark-3-darker: #25292e;\n--color-1-dark-3-r: 41;\n--color-1-dark-3-g: 45;\n--color-1-dark-3-b: 51;\n--color-1-dark-3-contrast: white;\n--color-1-dark-3-contrast-darker: white;\n--color-1-dark-3-text-color: var(--body-alt-color);\n--color-1-dark-2: #4c5a6c;\n--color-1-dark-2-darker: #445161;\n--color-1-dark-2-r: 76;\n--color-1-dark-2-g: 90;\n--color-1-dark-2-b: 108;\n--color-1-dark-2-contrast: white;\n--color-1-dark-2-contrast-darker: white;\n--color-1-dark-2-text-color: var(--body-alt-color);\n--color-1-dark-1: #6582a5;\n--color-1-dark-1-darker: #587597;\n--color-1-dark-1-r: 101;\n--color-1-dark-1-g: 130;\n--color-1-dark-1-b: 165;\n--color-1-dark-1-contrast: white;\n--color-1-dark-1-contrast-darker: white;\n--color-1-dark-1-text-color: var(--body-alt-color);\n--color-1: #73a3de;\n--color-1-darker: #5891d8;\n--color-1-r: 115;\n--color-1-g: 163;\n--color-1-b: 222;\n--color-1-contrast: white;\n--color-1-contrast-darker: white;\n--color-1-text-color: var(--body-alt-color);\n--color-1-light-1: #9abde8;\n--color-1-light-1-darker: #7ba8e1;\n--color-1-light-1-r: 154;\n--color-1-light-1-g: 189;\n--color-1-light-1-b: 232;\n--color-1-light-1-contrast: white;\n--color-1-light-1-contrast-darker: white;\n--color-1-light-1-text-color: var(--body-alt-color);\n--color-1-light-2: #c3d8f2;\n--color-1-light-2-darker: #9fc1ea;\n--color-1-light-2-r: 195;\n--color-1-light-2-g: 216;\n--color-1-light-2-b: 242;\n--color-1-light-2-contrast: black;\n--color-1-light-2-contrast-darker: black;\n--color-1-light-2-text-color: var(--body-color);\n--color-1-light-3: #f0f5fc;\n--color-1-light-3-darker: #c7daf4;\n--color-1-light-3-r: 240;\n--color-1-light-3-g: 245;\n--color-1-light-3-b: 252;\n--color-1-light-3-contrast: black;\n--color-1-light-3-contrast-darker: black;\n--color-1-light-3-text-color: var(--body-color);\n--color-2-base: #4c637f;\n--color-2-base-darker: #445972;\n--color-2-base-r: 76;\n--color-2-base-g: 99;\n--color-2-base-b: 127;\n--color-2-base-contrast: white;\n--color-2-base-contrast-darker: white;\n--color-2-base-text-color: var(--body-alt-color);\n--color-2-dark-3: #292d33;\n--color-2-dark-3-darker: #25292e;\n--color-2-dark-3-r: 41;\n--color-2-dark-3-g: 45;\n--color-2-dark-3-b: 51;\n--color-2-dark-3-contrast: white;\n--color-2-dark-3-contrast-darker: white;\n--color-2-dark-3-text-color: var(--body-alt-color);\n--color-2-dark-2: #3e4a59;\n--color-2-dark-2-darker: #384350;\n--color-2-dark-2-r: 62;\n--color-2-dark-2-g: 74;\n--color-2-dark-2-b: 89;\n--color-2-dark-2-contrast: white;\n--color-2-dark-2-contrast-darker: white;\n--color-2-dark-2-text-color: var(--body-alt-color);\n--color-2-dark-1: #4c637f;\n--color-2-dark-1-darker: #445972;\n--color-2-dark-1-r: 76;\n--color-2-dark-1-g: 99;\n--color-2-dark-1-b: 127;\n--color-2-dark-1-contrast: white;\n--color-2-dark-1-contrast-darker: white;\n--color-2-dark-1-text-color: var(--body-alt-color);\n--color-2: #85a0c1;\n--color-2-darker: #6f8fb6;\n--color-2-r: 133;\n--color-2-g: 160;\n--color-2-b: 193;\n--color-2-contrast: white;\n--color-2-contrast-darker: white;\n--color-2-text-color: var(--body-alt-color);\n--color-2-light-1: #a6bbd4;\n--color-2-light-1-darker: #8da8c8;\n--color-2-light-1-r: 166;\n--color-2-light-1-g: 187;\n--color-2-light-1-b: 212;\n--color-2-light-1-contrast: white;\n--color-2-light-1-contrast-darker: white;\n--color-2-light-1-text-color: var(--body-alt-color);\n--color-2-light-2: #cad7e6;\n--color-2-light-2-darker: #adc1d8;\n--color-2-light-2-r: 202;\n--color-2-light-2-g: 215;\n--color-2-light-2-b: 230;\n--color-2-light-2-contrast: black;\n--color-2-light-2-contrast-darker: black;\n--color-2-light-2-text-color: var(--body-color);\n--color-2-light-3: #f1f5f9;\n--color-2-light-3-darker: #cfddea;\n--color-2-light-3-r: 241;\n--color-2-light-3-g: 245;\n--color-2-light-3-b: 249;\n--color-2-light-3-contrast: black;\n--color-2-light-3-contrast-darker: black;\n--color-2-light-3-text-color: var(--body-color);\n--color-3-base: #8bc9ba;\n--color-3-base-darker: #74beac;\n--color-3-base-r: 139;\n--color-3-base-g: 201;\n--color-3-base-b: 186;\n--color-3-base-contrast: black;\n--color-3-base-contrast-darker: white;\n--color-3-base-text-color: var(--body-color);\n--color-3-dark-3: #293331;\n--color-3-dark-3-darker: #252e2c;\n--color-3-dark-3-r: 41;\n--color-3-dark-3-g: 51;\n--color-3-dark-3-b: 49;\n--color-3-dark-3-contrast: white;\n--color-3-dark-3-contrast-darker: white;\n--color-3-dark-3-text-color: var(--body-alt-color);\n--color-3-dark-2: #4d655f;\n--color-3-dark-2-darker: #455b56;\n--color-3-dark-2-r: 77;\n--color-3-dark-2-g: 101;\n--color-3-dark-2-b: 95;\n--color-3-dark-2-contrast: white;\n--color-3-dark-2-contrast-darker: white;\n--color-3-dark-2-text-color: var(--body-alt-color);\n--color-3-dark-1: #6e978d;\n--color-3-dark-1-darker: #62897f;\n--color-3-dark-1-r: 110;\n--color-3-dark-1-g: 151;\n--color-3-dark-1-b: 141;\n--color-3-dark-1-contrast: white;\n--color-3-dark-1-contrast-darker: white;\n--color-3-dark-1-text-color: var(--body-alt-color);\n--color-3: #8bc9ba;\n--color-3-darker: #74beac;\n--color-3-r: 139;\n--color-3-g: 201;\n--color-3-b: 186;\n--color-3-contrast: black;\n--color-3-contrast-darker: white;\n--color-3-text-color: var(--body-color);\n--color-3-light-1: #aad9ce;\n--color-3-light-1-darker: #8fcdbf;\n--color-3-light-1-r: 170;\n--color-3-light-1-g: 217;\n--color-3-light-1-b: 206;\n--color-3-light-1-contrast: black;\n--color-3-light-1-contrast-darker: black;\n--color-3-light-1-text-color: var(--body-color);\n--color-3-light-2: #cde9e2;\n--color-3-light-2-darker: #afdcd0;\n--color-3-light-2-r: 205;\n--color-3-light-2-g: 233;\n--color-3-light-2-b: 226;\n--color-3-light-2-contrast: black;\n--color-3-light-2-contrast-darker: black;\n--color-3-light-2-text-color: var(--body-color);\n--color-3-light-3: #f2faf8;\n--color-3-light-3-darker: #ceece5;\n--color-3-light-3-r: 242;\n--color-3-light-3-g: 250;\n--color-3-light-3-b: 248;\n--color-3-light-3-contrast: black;\n--color-3-light-3-contrast-darker: black;\n--color-3-light-3-text-color: var(--body-color);\n--color-4-base: #92e4fd;\n--color-4-base-darker: #6bdafc;\n--color-4-base-r: 146;\n--color-4-base-g: 228;\n--color-4-base-b: 253;\n--color-4-base-contrast: black;\n--color-4-base-contrast-darker: black;\n--color-4-base-text-color: var(--body-color);\n--color-4-dark-3: #293133;\n--color-4-dark-3-darker: #252c2e;\n--color-4-dark-3-r: 41;\n--color-4-dark-3-g: 49;\n--color-4-dark-3-b: 51;\n--color-4-dark-3-contrast: white;\n--color-4-dark-3-contrast-darker: white;\n--color-4-dark-3-text-color: var(--body-alt-color);\n--color-4-dark-2: #496168;\n--color-4-dark-2-darker: #42575e;\n--color-4-dark-2-r: 73;\n--color-4-dark-2-g: 97;\n--color-4-dark-2-b: 104;\n--color-4-dark-2-contrast: white;\n--color-4-dark-2-contrast-darker: white;\n--color-4-dark-2-text-color: var(--body-alt-color);\n--color-4-dark-1: #5f8e9c;\n--color-4-dark-1-darker: #56808c;\n--color-4-dark-1-r: 95;\n--color-4-dark-1-g: 142;\n--color-4-dark-1-b: 156;\n--color-4-dark-1-contrast: white;\n--color-4-dark-1-contrast-darker: white;\n--color-4-dark-1-text-color: var(--body-alt-color);\n--color-4: #6cb9d1;\n--color-4-darker: #54aec9;\n--color-4-r: 108;\n--color-4-g: 185;\n--color-4-b: 209;\n--color-4-contrast: white;\n--color-4-contrast-darker: white;\n--color-4-text-color: var(--body-alt-color);\n--color-4-light-1: #92e4fd;\n--color-4-light-1-darker: #6bdafc;\n--color-4-light-1-r: 146;\n--color-4-light-1-g: 228;\n--color-4-light-1-b: 253;\n--color-4-light-1-contrast: black;\n--color-4-light-1-contrast-darker: black;\n--color-4-light-1-text-color: var(--body-color);\n--color-4-light-2: #c3f0fe;\n--color-4-light-2-darker: #97e5fd;\n--color-4-light-2-r: 195;\n--color-4-light-2-g: 240;\n--color-4-light-2-b: 254;\n--color-4-light-2-contrast: black;\n--color-4-light-2-contrast-darker: black;\n--color-4-light-2-text-color: var(--body-color);\n--color-4-light-3: #f4fcff;\n--color-4-light-3-darker: #c2eeff;\n--color-4-light-3-r: 244;\n--color-4-light-3-g: 252;\n--color-4-light-3-b: 255;\n--color-4-light-3-contrast: black;\n--color-4-light-3-contrast-darker: black;\n--color-4-light-3-text-color: var(--body-color);\n--color-5-base: #bfac99;\n--color-5-base-darker: #b29b84;\n--color-5-base-r: 191;\n--color-5-base-g: 172;\n--color-5-base-b: 153;\n--color-5-base-contrast: white;\n--color-5-base-contrast-darker: white;\n--color-5-base-text-color: var(--body-alt-color);\n--color-5-dark-3: #332e29;\n--color-5-dark-3-darker: #2e2925;\n--color-5-dark-3-r: 51;\n--color-5-dark-3-g: 46;\n--color-5-dark-3-b: 41;\n--color-5-dark-3-contrast: white;\n--color-5-dark-3-contrast-darker: white;\n--color-5-dark-3-text-color: var(--body-alt-color);\n--color-5-dark-2: #62584e;\n--color-5-dark-2-darker: #584f46;\n--color-5-dark-2-r: 98;\n--color-5-dark-2-g: 88;\n--color-5-dark-2-b: 78;\n--color-5-dark-2-contrast: white;\n--color-5-dark-2-contrast-darker: white;\n--color-5-dark-2-text-color: var(--body-alt-color);\n--color-5-dark-1: #908274;\n--color-5-dark-1-darker: #827568;\n--color-5-dark-1-r: 144;\n--color-5-dark-1-g: 130;\n--color-5-dark-1-b: 116;\n--color-5-dark-1-contrast: white;\n--color-5-dark-1-contrast-darker: white;\n--color-5-dark-1-text-color: var(--body-alt-color);\n--color-5: #bfac99;\n--color-5-darker: #b29b84;\n--color-5-r: 191;\n--color-5-g: 172;\n--color-5-b: 153;\n--color-5-contrast: white;\n--color-5-contrast-darker: white;\n--color-5-text-color: var(--body-alt-color);\n--color-5-light-1: #d2c4b5;\n--color-5-light-1-darker: #c3b19d;\n--color-5-light-1-r: 210;\n--color-5-light-1-g: 196;\n--color-5-light-1-b: 181;\n--color-5-light-1-contrast: black;\n--color-5-light-1-contrast-darker: white;\n--color-5-light-1-text-color: var(--body-color);\n--color-5-light-2: #e5dcd3;\n--color-5-light-2-darker: #d5c6b7;\n--color-5-light-2-r: 229;\n--color-5-light-2-g: 220;\n--color-5-light-2-b: 211;\n--color-5-light-2-contrast: black;\n--color-5-light-2-contrast-darker: black;\n--color-5-light-2-text-color: var(--body-color);\n--color-5-light-3: #f9f6f4;\n--color-5-light-3-darker: #e8dcd4;\n--color-5-light-3-r: 249;\n--color-5-light-3-g: 246;\n--color-5-light-3-b: 244;\n--color-5-light-3-contrast: black;\n--color-5-light-3-contrast-darker: black;\n--color-5-light-3-text-color: var(--body-color);\n--white-contrast: var(--body-color);\n--shading-contrast: var(--body-alt-color);\n--bg-contrast: var(--body-color);\n}</style><style id=\"typography\" typography=\"Light\">\n        .u-body\n        {\n        --title-font-weight: 300;\n        --title-line-height: 1.1;\n        --title-font-size: 4.5rem;\n        --title-margin-top: 20px;\n        --title-margin-bottom: 20px;\n        --subtitle-font-weight: 300;\n        --subtitle-line-height: 1.2;\n        --subtitle-font-size: 2.25rem;\n        --subtitle-margin-top: 20px;\n        --subtitle-margin-bottom: 20px;\n        --h1-font-weight: 300;\n        --h1-line-height: 1.1;\n        --h1-font-size: 3.75rem;\n        --h1-margin-top: 20px;\n        --h1-margin-bottom: 20px;\n        --h2-font-weight: 300;\n        --h2-line-height: 1.2;\n        --h2-font-size: 2.25rem;\n        --h2-margin-top: 20px;\n        --h2-margin-bottom: 20px;\n        --h3-font-weight: 400;\n        --h3-font-weight: 300;\n        --h3-line-height: 1.2;\n        --h3-font-size: 1.875rem;\n        --h3-margin-top: 20px;\n        --h3-margin-bottom: 20px;\n        --h4-font-weight: 300;\n        --h4-line-height: 1.2;\n        --h4-font-size: 1.5rem;\n        --h4-margin-top: 20px;\n        --h4-margin-bottom: 20px;\n        --h5-font-weight: 300;\n        --h5-line-height: 1.2;\n        --h5-font-size: 1.25rem;\n        --h5-margin-top: 20px;\n        --h5-margin-bottom: 20px;\n        --h6-font-weight: 300;\n        --h6-line-height: 1.2;\n        --h6-font-size: 1.125rem;\n        --h6-margin-top: 20px;\n        --h6-margin-bottom: 20px;\n        --largeText-font-weight: 400;\n        --largeText-line-height: 1.6;\n        --largeText-font-size: 1rem;\n        --largeText-margin-top: 20px;\n        --largeText-margin-bottom: 20px;\n        --text-font-weight: 400;\n        --text-line-height: 1.6;\n        --text-font-size: 1rem;\n        --text-margin-top: 20px;\n        --text-margin-bottom: 20px;\n        --smallText-font-weight: 400;\n        --smallText-line-height: 1.6;\n        --smallText-font-size: 0.875rem;\n        --smallText-margin-top: 20px;\n        --smallText-margin-bottom: 20px;\n        --hyperlink-line-height: 1.8;\n        --hyperlink-color: var(--palette-1-base);\n        --hyperlink-alt-text-color: var(--palette-1-light-2);\n        --hyperlink-hover-color: var(--palette-1-base-darker);\n        --hyperlink-hover-alt-text-color: var(--grey-30-darker);\n        --button-letter-spacing: 1px;\n        --button-font-size: 1rem;\n        --button-line-height: 1.4;\n        --button-margin-top: 20px;\n        --button-margin-bottom: 20px;\n        --button-background-color: var(--palette-1-base);\n        --button-color: var(--white);\n        --button-alt-background-color: var(--palette-1-light-2);\n        --button-alt-color: var(--black);\n        --button-hover-background-color: var(--palette-1-base-darker);\n        --button-hover-color: var(--white-darker);\n        --button-hover-alt-background-color: var(--palette-1-light-2-darker);\n        --button-hover-alt-color: var(--white);\n        --button-hover-background-color: var(--palette-1-base-darker);\n        --button-hover-color: var(--white-darker);\n        --button-hover-alt-background-color: var(--palette-1-light-2-darker);\n        --button-hover-alt-color: var(--white);\n        --button-active-background-color: var(--palette-1-base-darker);\n        --button-active-color: var(--white-darker);\n        --button-active-alt-background-color: var(--palette-1-light-2-darker);\n        --button-active-alt-color: var(--white);\n        --blockquote-font-style: italic;\n        --blockquote-line-height: 1.6;\n        --blockquote-font-size: 1.25rem;\n        --blockquote-padding-left: 20px;\n        --blockquote-border-width: 4px;\n        --blockquote-border-color: var(--palette-1-base);\n        --blockquote-margin-top: 20px;\n        --blockquote-margin-bottom: 20px;\n        --metadata-font-size: 0.75rem;\n        --metadata-letter-spacing: 1px;\n        --metadata-line-height: 1.4;\n        --metadata-margin-top: 20px;\n        --metadata-margin-bottom: 20px;\n        --list-margin-top: 20px;\n        --list-margin-bottom: 20px;\n        --orderedlist-margin-top: 20px;\n        --orderedlist-margin-bottom: 20px;\n        --postContent-margin-top: 20px;\n        --postContent-margin-bottom: 20px;\n        --theme-sheet-width-xl: 1140px;\n        --theme-sheet-width-lg: 940px;\n        --theme-sheet-width-md: 720px;\n        --theme-sheet-width-sm: 540px;\n        --theme-sheet-width-xs: 340px;\n        --form-input-border-width: 1px;\n        --form-input-border-color: var(--grey-30);\n        --form-input-borders: top right bottom left;\n        --form-input-background-color: var(--white);\n        --form-input-color: var(--black);\n        --title-font-size-sm: 3.75rem;\n        --title-font-size-xs: 3rem;\n        --subtitle-font-size-sm: 1.5rem;\n        --h1-font-size-sm: 3rem;\n        --h1-font-size-xs: 1.875rem;\n        --h2-font-size-sm: 1.5rem;\n        --h3-font-size-sm: 1.5rem;\n        }\n\n        /** common-rules **/\n        h1.u-title\n        {\n        font-weight: var(--title-font-weight);\n        line-height: var(--title-line-height);\n        font-size: var(--title-font-size);\n        margin-top: var(--title-margin-top);\n        margin-bottom: var(--title-margin-bottom);\n        }\n        h2.u-subtitle\n        {\n        font-weight: var(--subtitle-font-weight);\n        line-height: var(--subtitle-line-height);\n        font-size: var(--subtitle-font-size);\n        margin-top: var(--subtitle-margin-top);\n        margin-bottom: var(--subtitle-margin-bottom);\n        }\n        h1:not(.u-title)\n        {\n        font-weight: var(--h1-font-weight);\n        line-height: var(--h1-line-height);\n        font-size: var(--h1-font-size);\n        margin-top: var(--h1-margin-top);\n        margin-bottom: var(--h1-margin-bottom);\n        }\n        h2:not(.u-subtitle)\n        {\n        font-weight: var(--h2-font-weight);\n        line-height: var(--h2-line-height);\n        font-size: var(--h2-font-size);\n        margin-top: var(--h2-margin-top);\n        margin-bottom: var(--h2-margin-bottom);\n        }\n        h3\n        {\n        font-weight: var(--h3-font-weight);\n        font-weight: var(--h3-font-weight);\n        line-height: var(--h3-line-height);\n        font-size: var(--h3-font-size);\n        margin-top: var(--h3-margin-top);\n        margin-bottom: var(--h3-margin-bottom);\n        }\n        h4\n        {\n        font-weight: var(--h4-font-weight);\n        line-height: var(--h4-line-height);\n        font-size: var(--h4-font-size);\n        margin-top: var(--h4-margin-top);\n        margin-bottom: var(--h4-margin-bottom);\n        }\n        h5\n        {\n        font-weight: var(--h5-font-weight);\n        line-height: var(--h5-line-height);\n        font-size: var(--h5-font-size);\n        margin-top: var(--h5-margin-top);\n        margin-bottom: var(--h5-margin-bottom);\n        }\n        h6\n        {\n        font-weight: var(--h6-font-weight);\n        line-height: var(--h6-line-height);\n        font-size: var(--h6-font-size);\n        margin-top: var(--h6-margin-top);\n        margin-bottom: var(--h6-margin-bottom);\n        }\n        p.u-large-text\n        {\n        font-weight: var(--largeText-font-weight);\n        line-height: var(--largeText-line-height);\n        font-size: var(--largeText-font-size);\n        margin-top: var(--largeText-margin-top);\n        margin-bottom: var(--largeText-margin-bottom);\n        }\n        p:not(.u-text-variant)\n        {\n        font-weight: var(--text-font-weight);\n        line-height: var(--text-line-height);\n        font-size: var(--text-font-size);\n        margin-top: var(--text-margin-top);\n        margin-bottom: var(--text-margin-bottom);\n        }\n        p.u-small-text\n        {\n        font-weight: var(--smallText-font-weight);\n        line-height: var(--smallText-line-height);\n        font-size: var(--smallText-font-size);\n        margin-top: var(--smallText-margin-top);\n        margin-bottom: var(--smallText-margin-bottom);\n        }\n        a\n        {\n        line-height: var(--hyperlink-line-height);\n        }\n        .u-btn\n        {\n        letter-spacing: var(--button-letter-spacing);\n        font-size: var(--button-font-size);\n        line-height: var(--button-line-height);\n        margin-top: var(--button-margin-top);\n        margin-bottom: var(--button-margin-bottom);\n        }\n        blockquote\n        {\n        font-style: var(--blockquote-font-style);\n        line-height: var(--blockquote-line-height);\n        font-size: var(--blockquote-font-size);\n        padding-left: var(--blockquote-padding-left);\n        border-width: var(--blockquote-border-width);\n        margin-top: var(--blockquote-margin-top);\n        margin-bottom: var(--blockquote-margin-bottom);\n        }\n        .u-metadata\n        {\n        font-size: var(--metadata-font-size);\n        letter-spacing: var(--metadata-letter-spacing);\n        line-height: var(--metadata-line-height);\n        margin-top: var(--metadata-margin-top);\n        margin-bottom: var(--metadata-margin-bottom);\n        }\n        ul:not(.u-unstyled)\n        {\n        margin-top: var(--list-margin-top);\n        margin-bottom: var(--list-margin-bottom);\n        }\n        ol\n        {\n        margin-top: var(--orderedlist-margin-top);\n        margin-bottom: var(--orderedlist-margin-bottom);\n        }\n        .u-post-content\n        {\n        margin-top: var(--postContent-margin-top);\n        margin-bottom: var(--postContent-margin-bottom);\n        }\n        .u-input\n        {\n        border-width: var(--form-input-border-width);\n        borders: var(--form-input-borders);\n        }\n        /** common-rules **/\n\n        /** publish-rules **/\n        /*begin-media rules*/\n        @media (max-width: 767px) {\n        h1.u-title\n        {\n        font-size: var(--title-font-size-sm);\n        }\n        }\n        @media (max-width: 575px) {\n        h1.u-title\n        {\n        font-size: var(--title-font-size-xs);\n        }\n        }\n        @media (max-width: 767px) {\n        h2.u-subtitle\n        {\n        font-size: var(--subtitle-font-size-sm);\n        }\n        }\n        @media (max-width: 767px) {\n        h1:not(.u-title)\n        {\n        font-size: var(--h1-font-size-sm);\n        }\n        }\n        @media (max-width: 575px) {\n        h1:not(.u-title)\n        {\n        font-size: var(--h1-font-size-xs);\n        }\n        }\n        @media (max-width: 767px) {\n        h2:not(.u-subtitle)\n        {\n        font-size: var(--h2-font-size-sm);\n        }\n        }\n        @media (max-width: 767px) {\n        h3\n        {\n        font-size: var(--h3-font-size-sm);\n        }\n        }\n        /*end-media rules*/\n        /** publish-rules **/\n\n        \n\n        /** cms-rules **/\n        /*begin-responsive rules*/\n        .u-sm h1.u-title\n        {\n        font-size: var(--title-font-size-sm);\n        }\n        .u-xs h1.u-title\n        {\n        font-size: var(--title-font-size-xs);\n        }\n        .u-sm h2.u-subtitle\n        {\n        font-size: var(--subtitle-font-size-sm);\n        }\n        .u-xs h2.u-subtitle\n        {\n        font-size: var(--subtitle-font-size-sm);\n        }\n        .u-sm h1:not(.u-title)\n        {\n        font-size: var(--h1-font-size-sm);\n        }\n        .u-xs h1:not(.u-title)\n        {\n        font-size: var(--h1-font-size-xs);\n        }\n        .u-sm h2:not(.u-subtitle)\n        {\n        font-size: var(--h2-font-size-sm);\n        }\n        .u-xs h2:not(.u-subtitle)\n        {\n        font-size: var(--h2-font-size-sm);\n        }\n        .u-sm h3\n        {\n        font-size: var(--h3-font-size-sm);\n        }\n        .u-xs h3\n        {\n        font-size: var(--h3-font-size-sm);\n        }\n        /*end-responsive rules*/\n        /** cms-rules **/\n\n        /** color-rules **/\n        .u-overlap.u-overlap-transparent:not(.u-overlap-contrast) .u-header :not(.u-nav-item) > a,\n        .u-gradient > .u-container-layout > a,\n        .u-image:not(.u-shading) > .u-container-layout > a,\n        a\n        {\n        color: var(--hyperlink-color);\n        }\n        .u-overlap.u-overlap-transparent:not(.u-overlap-contrast) .u-header :not(.u-nav-item) > a:hover,\n        .u-gradient > .u-container-layout > a:hover,\n        .u-image:not(.u-shading) > .u-container-layout > a:hover,\n        a:hover\n        {\n        color: var(--hyperlink-hover-color);\n        }\n        .u-overlap.u-overlap-transparent:not(.u-overlap-contrast) .u-header :not(.u-nav-item) > .u-btn,\n        .u-gradient > .u-container-layout > .u-btn,\n        .u-image:not(.u-shading) > .u-container-layout > .u-btn,\n        .u-btn\n        {\n        background-color: var(--button-background-color);\n        color: var(--button-color);\n        }\n        .u-overlap.u-overlap-transparent:not(.u-overlap-contrast) .u-header :not(.u-nav-item) > .u-btn:hover,\n        .u-gradient > .u-container-layout > .u-btn:hover,\n        .u-image:not(.u-shading) > .u-container-layout > .u-btn:hover,\n        .u-btn:hover\n        {\n        background-color: var(--button-hover-background-color);\n        color: var(--button-hover-color);\n        }\n        .u-overlap.u-overlap-transparent:not(.u-overlap-contrast) .u-header :not(.u-nav-item) > .u-btn:focus,\n        .u-gradient > .u-container-layout > .u-btn:focus,\n        .u-image:not(.u-shading) > .u-container-layout > .u-btn:focus,\n        .u-btn:focus\n        {\n        background-color: var(--button-hover-background-color);\n        color: var(--button-hover-color);\n        }\n        .u-overlap.u-overlap-transparent:not(.u-overlap-contrast) .u-header :not(.u-nav-item) > .u-btn:active,\n        .u-gradient > .u-container-layout > .u-btn:active,\n        .u-image:not(.u-shading) > .u-container-layout > .u-btn:active,\n        .u-btn:active\n        {\n        background-color: var(--button-active-background-color);\n        color: var(--button-active-color);\n        }\n        .u-overlap.u-overlap-transparent:not(.u-overlap-contrast) .u-header :not(.u-nav-item) > blockquote,\n        .u-gradient > .u-container-layout > blockquote,\n        .u-image:not(.u-shading) > .u-container-layout > blockquote,\n        blockquote\n        {\n        border-color: var(--blockquote-border-color);\n        }\n        .u-overlap.u-overlap-transparent:not(.u-overlap-contrast) .u-header :not(.u-nav-item) > .u-input,\n        .u-gradient > .u-container-layout > .u-input,\n        .u-image:not(.u-shading) > .u-container-layout > .u-input,\n        .u-input\n        {\n        border-color: var(--form-input-border-color);\n        background-color: var(--form-input-background-color);\n        color: var(--form-input-color);\n        }\n        /** color-rules **/\n\n        /** alt-color-rules **/\n        .u-body-color a,.u-palette-1-base a,.u-palette-1-dark-3 a,.u-palette-1-dark-2 a,.u-palette-1-dark-1 a,.u-palette-1 a,.u-palette-1-light-1 a,.u-palette-2-base a,.u-palette-2-dark-3 a,.u-palette-2-dark-2 a,.u-palette-2-dark-1 a,.u-palette-2 a,.u-palette-2-light-1 a,.u-palette-3-dark-3 a,.u-palette-3-dark-2 a,.u-palette-3-dark-1 a,.u-palette-4-dark-3 a,.u-palette-4-dark-2 a,.u-palette-4-dark-1 a,.u-palette-4 a,.u-palette-5-base a,.u-palette-5-dark-3 a,.u-palette-5-dark-2 a,.u-palette-5-dark-1 a,.u-palette-5 a,.u-grey-40 a,.u-grey-30 a,.u-grey-90 a,.u-grey-80 a,.u-grey-75 a,.u-black a,.u-grey-70 a,.u-grey-60 a,.u-grey-50 a,.u-grey-dark-3 a,.u-grey-dark-2 a,.u-grey-dark-1 a,.u-grey a,.u-shading a,.u-overlap-contrast .u-header a:not(.u-nav-link):not(.u-btn)\n        {\n        color: var(--hyperlink-alt-text-color);\n        }\n        .u-body-color a:hover,.u-palette-1-base a:hover,.u-palette-1-dark-3 a:hover,.u-palette-1-dark-2 a:hover,.u-palette-1-dark-1 a:hover,.u-palette-1 a:hover,.u-palette-1-light-1 a:hover,.u-palette-2-base a:hover,.u-palette-2-dark-3 a:hover,.u-palette-2-dark-2 a:hover,.u-palette-2-dark-1 a:hover,.u-palette-2 a:hover,.u-palette-2-light-1 a:hover,.u-palette-3-dark-3 a:hover,.u-palette-3-dark-2 a:hover,.u-palette-3-dark-1 a:hover,.u-palette-4-dark-3 a:hover,.u-palette-4-dark-2 a:hover,.u-palette-4-dark-1 a:hover,.u-palette-4 a:hover,.u-palette-5-base a:hover,.u-palette-5-dark-3 a:hover,.u-palette-5-dark-2 a:hover,.u-palette-5-dark-1 a:hover,.u-palette-5 a:hover,.u-grey-40 a:hover,.u-grey-30 a:hover,.u-grey-90 a:hover,.u-grey-80 a:hover,.u-grey-75 a:hover,.u-black a:hover,.u-grey-70 a:hover,.u-grey-60 a:hover,.u-grey-50 a:hover,.u-grey-dark-3 a:hover,.u-grey-dark-2 a:hover,.u-grey-dark-1 a:hover,.u-grey a:hover\n        {\n        color: var(--hyperlink-hover-alt-text-color);\n        }\n        .u-body-color .u-btn,.u-palette-1-base .u-btn,.u-palette-1-dark-3 .u-btn,.u-palette-1-dark-2 .u-btn,.u-palette-1-dark-1 .u-btn,.u-palette-1 .u-btn,.u-palette-1-light-1 .u-btn,.u-palette-2-base .u-btn,.u-palette-2-dark-3 .u-btn,.u-palette-2-dark-2 .u-btn,.u-palette-2-dark-1 .u-btn,.u-palette-2 .u-btn,.u-palette-2-light-1 .u-btn,.u-palette-3-dark-3 .u-btn,.u-palette-3-dark-2 .u-btn,.u-palette-3-dark-1 .u-btn,.u-palette-4-dark-3 .u-btn,.u-palette-4-dark-2 .u-btn,.u-palette-4-dark-1 .u-btn,.u-palette-4 .u-btn,.u-palette-5-base .u-btn,.u-palette-5-dark-3 .u-btn,.u-palette-5-dark-2 .u-btn,.u-palette-5-dark-1 .u-btn,.u-palette-5 .u-btn,.u-grey-40 .u-btn,.u-grey-30 .u-btn,.u-grey-90 .u-btn,.u-grey-80 .u-btn,.u-grey-75 .u-btn,.u-black .u-btn,.u-grey-70 .u-btn,.u-grey-60 .u-btn,.u-grey-50 .u-btn,.u-grey-dark-3 .u-btn,.u-grey-dark-2 .u-btn,.u-grey-dark-1 .u-btn,.u-grey .u-btn,.u-shading .u-btn,.u-overlap-contrast .u-header .u-btn\n        {\n        background-color: var(--button-alt-background-color);\n        color: var(--button-alt-color);\n        }\n        .u-body-color .u-btn:hover,.u-palette-1-base .u-btn:hover,.u-palette-1-dark-3 .u-btn:hover,.u-palette-1-dark-2 .u-btn:hover,.u-palette-1-dark-1 .u-btn:hover,.u-palette-1 .u-btn:hover,.u-palette-1-light-1 .u-btn:hover,.u-palette-2-base .u-btn:hover,.u-palette-2-dark-3 .u-btn:hover,.u-palette-2-dark-2 .u-btn:hover,.u-palette-2-dark-1 .u-btn:hover,.u-palette-2 .u-btn:hover,.u-palette-2-light-1 .u-btn:hover,.u-palette-3-dark-3 .u-btn:hover,.u-palette-3-dark-2 .u-btn:hover,.u-palette-3-dark-1 .u-btn:hover,.u-palette-4-dark-3 .u-btn:hover,.u-palette-4-dark-2 .u-btn:hover,.u-palette-4-dark-1 .u-btn:hover,.u-palette-4 .u-btn:hover,.u-palette-5-base .u-btn:hover,.u-palette-5-dark-3 .u-btn:hover,.u-palette-5-dark-2 .u-btn:hover,.u-palette-5-dark-1 .u-btn:hover,.u-palette-5 .u-btn:hover,.u-grey-40 .u-btn:hover,.u-grey-30 .u-btn:hover,.u-grey-90 .u-btn:hover,.u-grey-80 .u-btn:hover,.u-grey-75 .u-btn:hover,.u-black .u-btn:hover,.u-grey-70 .u-btn:hover,.u-grey-60 .u-btn:hover,.u-grey-50 .u-btn:hover,.u-grey-dark-3 .u-btn:hover,.u-grey-dark-2 .u-btn:hover,.u-grey-dark-1 .u-btn:hover,.u-grey .u-btn:hover,.u-shading .u-btn:hover,.u-overlap-contrast .u-header .u-btn:hover\n        {\n        background-color: var(--button-hover-alt-background-color);\n        color: var(--button-hover-alt-color);\n        }\n        .u-body-color .u-btn:active,.u-palette-1-base .u-btn:active,.u-palette-1-dark-3 .u-btn:active,.u-palette-1-dark-2 .u-btn:active,.u-palette-1-dark-1 .u-btn:active,.u-palette-1 .u-btn:active,.u-palette-1-light-1 .u-btn:active,.u-palette-2-base .u-btn:active,.u-palette-2-dark-3 .u-btn:active,.u-palette-2-dark-2 .u-btn:active,.u-palette-2-dark-1 .u-btn:active,.u-palette-2 .u-btn:active,.u-palette-2-light-1 .u-btn:active,.u-palette-3-dark-3 .u-btn:active,.u-palette-3-dark-2 .u-btn:active,.u-palette-3-dark-1 .u-btn:active,.u-palette-4-dark-3 .u-btn:active,.u-palette-4-dark-2 .u-btn:active,.u-palette-4-dark-1 .u-btn:active,.u-palette-4 .u-btn:active,.u-palette-5-base .u-btn:active,.u-palette-5-dark-3 .u-btn:active,.u-palette-5-dark-2 .u-btn:active,.u-palette-5-dark-1 .u-btn:active,.u-palette-5 .u-btn:active,.u-grey-40 .u-btn:active,.u-grey-30 .u-btn:active,.u-grey-90 .u-btn:active,.u-grey-80 .u-btn:active,.u-grey-75 .u-btn:active,.u-black .u-btn:active,.u-grey-70 .u-btn:active,.u-grey-60 .u-btn:active,.u-grey-50 .u-btn:active,.u-grey-dark-3 .u-btn:active,.u-grey-dark-2 .u-btn:active,.u-grey-dark-1 .u-btn:active,.u-grey .u-btn:active,.u-shading .u-btn:active,.u-overlap-contrast .u-header .u-btn:active\n        {\n        background-color: var(--button-active-alt-background-color);\n        color: var(--button-active-alt-color);\n        }\n        /** alt-color-rules **/\n    </style><style id=\"font-scheme\" font-scheme=\"Roboto-OpenSans\" heading-font=\"Roboto,sans-serif\" text-font=\"'Open Sans',sans-serif\">.u-body {\n   --text-font: 'Open Sans',sans-serif;\n   --heading-font: Roboto,sans-serif;\n}</style>","appVersion":"5.12.7","isTrial":false}